STAGE_ID,MODE_NUM(1:multiraid;2:rotation;3:evolution)
1,2
2,2
3,3
4,1
5,3
6,2
7,1
8,2
9,1
10,3
11,3
12,3
13,1
14,1
15,3
16,2
17,3
18,3
19,3
20,3
21,1
22,3
23,1
24,3
25,3
26,3
27,1
28,3
29,3
30,1
31,3
32,3
33,1
34,1
35,3
36,1
37,3
38,3
39,3
40,3
41,3
42,3
43,1
44,1
45,3
46,3
47,3
48,1
49,1
50,3
51,3
52,3
53,3
54,1
55,3
56,2
57,1
58,2
59,1
60,3
61,3
62,3
63,1
64,1
65,3
66,2
67,3
68,3
69,3
70,3
71,1
72,3
73,1
74,3
75,3
76,3
77,1
78,3
79,3
80,1
81,3
82,3
83,1
84,1
85,3
86,1
87,3
88,3
89,3
90,3
91,3
92,3
93,1
94,1
95,3
96,3
97,3
98,1
99,1
100,3
101,3
102,3
103,3
104,1
105,3
106,2
107,1
108,2
109,1
110,3
111,3
112,3
113,1
114,1
115,3
116,2
117,3
118,3
119,3
120,3
121,1
122,3
123,1
124,3
125,3
126,3
127,1
128,3
129,3
130,1
easy_1,2
normal_1,2
hard_1,2
